010-04,1,17,9.898,92
010-04,2,9,2.469,86
010-05,1,17,3.560,74
010-05,2,5,12.800,65
010-05,3,10,9.589,95
010-06,1,12,10.117,77
010-06,2,13,14.480,93
010-06,3,7,14.611,68
010-06,4,34,5.687,72
010-06,5,5,22.052,66
010-07,1,10,14.152,91
010-07,2,9,10.284,89
010-07,3,9,6.599,94
010-08,1,16,8.020,81
010-08,2,7,15.816,75
010-08,3,3,16.659,64
010-08,4,3,13.818,48
010-08,5,9,7.260,72
010-08,6,13,2.138,90
010-08,7,27,1.602,87
010-08,8,4,892,
010-09,0,24,892,70
010-10,1,37,501,63
010-10,2,19,281,52
010-10,3,13,249,51
010-10,4,32,824,59
010-11,1,12,1.814,67
010-11,2,10,1.166,65
010-11,3,23,697,69
010-12,1,9,1.798,86
010-12,2,6,1.537,
010-12,3,24,1.752,66
010-13,1,6,3.134,56
010-13,2,42,2.044,74
010-13,3,11,6.377,76
010-14,1,1,14.502,
010-14,2,20,7.465,91
010-14,3,9,6.420,97
010-14,4,26,4.213,96
010-15,1,12,4.148,99
010-15,2,7,7.074,89
010-15,3,26,9.992,90
010-15,4,18,15.457,96
010-15,5,23,19.592,82
010-15,6,5,63.822,54
010-15,7,4,19.791,71
010-16,1,9,41.938,86
010-16,2,13,71.338,86
010-16,3,6,37.890,87
010-16,4,18,30.783,92
010-16,5,21,21.109,98
010-16,6,18,18.797,96
010-17,1,9,14.813,96
010-17,2,26,23.372,83
010-18,1,6,23.848,87
010-18,2,27,18.126,
010-18,3,7,20.556,77
010-18,4,14,20.541,80
010-18,5,5,17.522,92
010-19,1,10,22.656,89
010-19,2,15,27.711,88
010-19,3,6,32.468,76
010-19,4,7,22.435,92
010-19,5,19,16.255,96
010-19,6,14,16.983,88
010-19,7,3,13.091,88
010-20,1,13,13.774,93
010-20,2,13,12.281,95
010-20,3,4,12.605,
010-21,1,5,12.605,94
010-21,2,4,13.611,100
010-21,3,9,17.100,94
010-21,4,22,16.511,96
010-21,5,5,42.869,80
010-21,6,12,57.854,
010-22,1,2,78.500,
010-22,2,9,66.835,79
010-22,3,6,34.685,78
010-22,4,11,25.478,94
010-22,5,7,21.652,97
010-22,6,14,22.190,93
010-22,7,7,15.271,90
010-23,1,4,17.570,84
010-23,2,6,17.562,94
010-23,3,9,19.643,91
010-23,4,5,24.576,89
010-23,5,16,20.064,95
010-23,6,16,14.396,98
010-23,7,8,12.833,93
010-24,1,2,12.801,89
010-24,2,16,9.056,94
010-24,3,13,7.569,98
010-25,1,5,7.386,78
010-25,2,11,9.878,92
010-25,3,14,6.544,78
010-25,4,4,5.353,80
010-26,1,36,5.165,63
010-26,2,21,3.578,66
010-26,3,7,3.878,70
010-27,1,25,2.561,48
010-27,2,28,1.108,70
010-27,3,12,1.129,59
010-27,4,15,1.360,57
010-27,5,10,514,
010-28,1,16,883,86
010-28,2,10,503,83
010-28,3,9,3.618,86
010-28,4,3,2.409,91
010-28,5,17,962,99
010-28,6,10,931,97
010-29,0,21,357,80
010-30,1,3,441,
010-30,2,29,602,78
010-30,3,11,1.470,97
014-01,0,36,2.790,89
016-02,0,15,52.325,76
020-01,0,22,2.298,96
020-02,1,29,4.062,63
020-02,2,2,7.749,56
020-02,3,10,6.753,97
020-02,4,16,3.811,
020-03,1,8,3.822,71
020-03,2,15,4.054,78
020-03,3,15,6.205,78
020-04,0,14,2.369,85
020-05,1,19,2.355,78
020-05,2,27,6.952,72
020-06,1,24,10.265,94
020-06,2,14,29.087,107
020-06,3,8,69.217,96
020-06,4,9,111.963,81
020-07,1,16,25.301,94
020-07,2,9,33.401,96
020-07,3,16,18.132,93
020-07,4,15,14.817,87
020-08,1,2,7.123,57
020-08,2,26,,
020-09,1,10,580,56
020-09,2,22,2.068,74
020-10,0,10,2.750,
020-11,1,6,2.956,65
020-11,2,16,7.435,83
020-11,3,16,10.842,78
030-01,1,4,31.074,76
030-01,2,6,13.639,74
030-01,3,20,4.021,97
030-02,1,19,3.142,103
030-02,2,16,3.453,106
030-03,1,2,4.677,73
030-03,2,1,5.007,70
030-03,3,35,2.859,96
030-03,4,5,3.935,92
030-04,1,1,16.424,61
030-04,2,40,5.316,96
030-05,1,27,3.138,97
030-05,2,12,2.541,97
030-06,1,22,3.509,80
030-06,2,8,5.343,77
030-06,3,26,2.331,85
030-06,4,16,640,82
030-07,0,34,602,76
030-08,1,18,2.544,78
030-08,2,31,5.451,86
030-09,1,13,2.373,78
030-09,2,16,1.816,90
030-10,0,26,1.543,93
030-11,1,1,6.829,72
030-11,2,8,3.213,80
030-12,1,20,2.602,83
030-12,2,32,3.285,79
040-01,3,10,653,93
040-01,1,35,862,66
040-01,2,12,628,77
040-02,1,25,1.887,79
040-02,2,29,2.570,74
050-01,0,24,3.417,96
050-02,1,27,1.788,92
050-02,2,10,3.237,102
050-03,0,33,663,72
050-04,1,30,284,66
050-04,2,7,284,
050-05,1,4,1.859,77
050-05,2,27,573,70
050-05,3,21,84,
050-06,1,16,141,
050-06,2,11,1.403,44
050-06,3,13,1.091,42
052-01,0,19,699,91
052-02,1,21,802,96
052-02,2,14,2.186,96
060-01,0,14,698,
060-02,1,29,561,67
060-02,2,20,662,79
060-03,1,19,1.735,89
060-03,2,20,1.210,88
060-03,3,8,1.081,
060-04,1,2,1.366,93
060-04,2,3,2.046,64
060-04,3,28,574,
060-05,0,26,479,78
060-06,1,9,2.146,85
060-06,2,32,652,86
060-06,3,11,273,52
062-01,0,47,1.547,100
070-01,1,23,1.912,100
070-01,2,18,1.494,97
070-01,3,42,949,102
070-02,0,2,931,
080-01,0,23,2.158,96
080-02,1,22,,
080-02,2,37,,
080-02,3,25,,
080-03,1,18,770,86
080-03,2,13,480,85
080-04,0,19,654,82
080-05,1,11,1.791,70
080-05,2,26,2.396,98
080-05,3,15,4.965,91
080-06,1,13,4.611,85
080-06,2,9,2.406,97
080-06,3,25,1.709,91
080-06,4,11,1.171,94
080-06,5,28,681,103
100-01,1,11,11.999,92
100-01,2,20,12.483,101
100-01,3,11,6.443,105
100-02,1,11,6.123,93
100-02,2,4,9.358,94
100-02,3,6,13.422,94
100-02,4,21,13.648,102
100-02,5,19,17.136,96
100-02,6,3,17.299,
100-03,1,4,16.972,91
100-03,2,12,17.805,95
100-03,3,8,23.467,73
100-03,4,16,17.546,
100-03,5,2,16.677,95
100-04,1,11,15.346,97
100-04,2,12,30.388,89
100-04,3,11,38.403,89
100-04,4,8,36.460,81
100-04,5,10,41.942,83
100-05,1,11,112.000,
100-05,2,14,138.500,
100-05,3,15,173.000,
100-05,4,5,178.000,
100-07,1,8,115.057,92
100-07,2,5,71.470,
100-07,3,15,35.205,87
100-07,4,10,35.384,84
100-07,5,11,63.008,77
100-07,6,9,67.710,
100-08,1,6,60.032,70
100-08,2,19,27.894,89
100-09,0,12,26.156,91
100-10,1,18,25.521,93
100-10,2,13,16.625,94
100-10,3,16,10.112,94
100-11,1,2,8.102,87
100-11,2,10,17.063,83
100-11,3,10,28.085,80
100-11,4,9,19.430,61
100-11,5,1,14.096,75
100-11,6,16,10.434,
100-12,1,7,10.434,86
100-12,2,12,13.568,77
100-12,3,14,11.945,87
100-12,4,22,6.525,97
100-12,5,5,8.977,87
100-12,6,13,6.324,88
100-12,7,3,3.680,84
100-12,8,25,17.130,102
100-13,1,5,14.923,87
100-13,2,9,11.344,100
100-14,1,23,12.971,106
100-14,2,10,12.939,105
100-14,3,6,11.720,102
100-14,4,13,12.941,107
100-14,5,3,12.496,94
100-14,6,21,11.053,108
100-14,7,12,12.837,97
100-14,8,2,14.044,83
100-14,9,15,12.110,87
100-15,1,26,12.173,104
100-15,2,24,11.349,105
100-16,1,4,10.944,112
100-16,2,10,11.147,102
100-16,3,35,11.583,96
100-16,4,4,16.628,74
100-16,5,4,13.297,87
100-16,6,12,8.328,
100-17,1,22,10.237,95
100-17,2,21,13.940,100
100-17,3,12,25.738,96
100-17,4,1,16.288,88
100-17,5,5,20.932,
100-18,1,5,10.866,92
100-18,2,5,12.993,86
100-18,3,18,13.853,98
100-18,4,19,18.782,78
100-19,1,12,6.953,95
100-19,2,38,6.649,96
100-19,3,4,8.839,74
100-19,4,7,7.055,96
100-20,1,16,6.210,
100-20,2,36,6.426,90
100-21,1,43,4.451,97
100-21,2,24,3.697,99
100-22,1,20,3.528,106
100-22,2,24,3.965,89
100-23,1,8,4.547,94
100-23,2,4,5.643,86
100-23,3,21,4.772,93
100-23,4,17,3.299,106
100-23,5,12,2.593,108
100-24,1,7,2.575,96
100-24,2,10,4.487,97
100-24,3,23,5.314,99
100-24,4,36,4.881,106
100-25,1,3,3.855,93
100-25,2,8,4.110,98
100-25,3,3,6.159,99
100-25,4,4,4.824,97
100-25,5,2,12.279,80
100-25,6,11,8.195,94
100-25,7,20,6.078,96
100-25,8,25,4.831,103
100-26,2,12,4.653,99
100-26,3,21,4.058,100
100-26,1,24,4.288,100
100-27,1,15,3.836,104
100-27,2,26,7.005,110
100-28,1,6,8.124,105
100-28,2,10,4.596,100
100-28,3,6,7.050,97
100-28,4,7,4.983,98
100-28,5,7,4.854,103
100-29,1,29,9.228,100
100-29,2,9,7.984,97
100-29,3,8,7.137,105
100-29,4,3,7.068,89
100-30,1,25,5.153,107
100-30,2,15,4.171,79
100-30,3,18,3.445,102
100-31,1,30,3.421,91
100-31,2,36,5.020,103
100-32,1,18,4.518,90
100-32,2,13,4.114,110
100-32,3,21,3.049,103
100-33,1,34,3.044,101
100-33,2,8,5.470,97
100-33,3,35,2.553,105
100-34,0,3,14.813,58
100-35,1,4,709,52
100-35,2,3,,
110-01,1,5,2.555,72
110-01,2,22,6.232,102
110-02,0,9,12.861,78
110-03,1,13,9.849,101
110-03,2,11,14.033,73
110-03,3,25,13.952,102
110-03,4,19,17.304,108
110-03,5,3,20.317,90
110-03,6,3,37.551,90
110-04,1,19,33.670,88
110-04,2,21,31.265,100
110-04,3,8,18.164,106
110-04,4,8,21.603,100
110-05,0,9,21.603,
120-01,0,6,1.968,58
120-02,0,19,944,81
130-01,1,16,70.725,73
130-01,2,19,23.420,90
130-01,3,5,27.592,
140-01,1,18,12.104,94
140-01,2,20,5.465,71
140-01,3,2,1.202,69
140-02,1,35,1.954,76
140-02,2,12,2.637,77
140-03,1,11,1.940,84
140-03,2,36,2.514,81
140-03,3,23,3.573,95
140-04,1,2,11.501,57
140-04,2,33,5.244,95
140-04,3,6,6.395,101
140-05,1,14,8.470,93
140-05,2,16,12.996,92
140-05,3,4,62.203,76
140-05,4,2,66.300,
140-05,5,4,100.036,
140-06,1,9,71.594,
140-06,2,14,23.597,82
140-06,3,28,7.761,107
140-06,4,6,5.998,109
150-01,0,22,5.731,89
150-03,0,11,4.548,80
150-04,0,4,4.548,
150-05,1,3,6.226,72
150-05,2,2,3.242,85
150-05,3,29,3.076,80
150-05,4,8,2.637,77
160-01,1,20,9.173,104
160-01,2,5,10.166,99
160-01,3,4,4.636,91
160-01,4,3,1.840,90
160-01,5,16,2.410,64
160-02,1,18,2.772,76
160-02,2,5,15.262,72
160-02,3,6,13.002,68
160-03,1,27,1.925,90
160-03,2,16,663,55
160-04,0,12,318,69
160-05,1,2,421,50
160-05,2,31,866,79
160-06,1,8,4.050,68
160-06,2,44,5.021,74
170-01,1,21,1.814,80
170-01,2,30,969,80
170-02,1,18,559,92
170-02,2,8,1.836,88
180-01,1,20,2.063,94
180-01,2,22,978,94
180-02,1,21,1.286,85
180-02,2,22,2.105,78
180-02,3,5,2.059,
180-02,4,10,2.066,94
180-03,1,19,2.755,88
180-03,2,15,3.167,91
180-04,1,19,3.692,83
180-04,2,17,2.419,104
180-05,1,20,4.043,85
180-05,2,5,5.634,91
180-05,3,1,7.771,77
180-05,4,30,4.558,97
180-05,5,17,4.726,80
180-06,1,7,4.979,87
180-06,2,22,8.982,95
180-06,3,19,7.199,96
180-07,1,1,52.158,
180-07,2,6,35.313,
190-01,1,6,11.225,76
190-01,2,15,9.457,110
190-02,1,28,11.579,103
190-02,2,7,13.256,98
190-02,3,8,2.572,78
190-03,1,31,1.521,92
190-03,2,25,2.496,76
190-04,1,19,1.467,102
190-04,2,13,1.063,97
190-05,1,17,1.123,94
190-05,2,23,2.610,76
190-05,3,22,4.257,76
200-01,0,30,12.106,103
200-02,1,44,6.642,103
200-02,2,17,11.988,96
200-02,3,22,8.994,100
200-03,1,7,8.173,100
200-03,2,19,6.318,104
200-03,3,17,12.340,102
200-03,4,15,27.010,91
200-03,5,4,12.584,108
200-04,1,25,14.077,98
200-04,2,3,25.804,84
200-04,3,25,30.414,104
200-05,1,14,35.591,97
200-05,2,6,33.885,92
200-05,3,12,71.094,
200-06,1,4,44.221,
200-06,2,20,35.135,98
200-06,3,9,21.800,98
200-06,4,23,18.564,104
200-07,1,23,15.872,109
200-07,2,4,34.105,
200-07,3,6,34.105,100
200-07,4,17,25.640,102
200-08,2,4,25.771,109
200-08,3,15,30.568,92
200-08,4,5,74.574,77
200-08,5,5,62.458,69
200-08,6,12,29.949,99
200-08,7,23,20.360,97
200-08,1,1,25.771,
200-09,1,15,12.380,104
200-09,2,9,11.928,109
200-09,3,32,12.240,112
200-10,1,15,22.229,108
200-10,2,24,21.203,108
200-11,0,24,22.251,102
200-12,1,24,29.304,108
200-12,2,8,31.470,98
200-12,3,13,37.372,106
200-12,4,7,49.698,101
200-13,1,23,34.844,91
200-13,2,15,29.080,97
200-14,1,8,29.080,
200-14,2,7,33.406,68
200-14,3,4,21.289,84
200-14,4,21,18.756,91
200-14,5,24,16.781,110
200-14,6,10,5.278,
200-15,1,18,4.789,109
200-15,2,31,6.705,102
200-16,1,3,,
200-16,2,2,7.763,73
200-16,3,22,7.508,101
200-16,4,14,8.198,100
200-16,5,12,9.514,105
200-17,1,23,9.387,102
200-17,2,6,12.250,69
200-17,3,28,4.217,110
200-18,1,33,4.441,103
200-18,2,24,3.428,98
200-19,1,16,2.976,99
200-19,2,35,3.469,102
200-20,1,17,7.850,102
200-20,2,21,8.006,91
200-20,3,9,11.525,89
200-21,1,2,37.267,74
200-21,2,35,5.097,91
200-21,3,32,4.589,100
200-21,4,3,2.934,88
200-22,1,34,2.438,104
200-22,2,31,2.772,83
200-23,0,29,1.851,91
210-01,1,29,2.866,86
210-01,2,21,2.486,94
210-01,3,13,5.351,83
230-01,1,6,22.568,93
230-01,2,41,12.256,105
230-01,3,5,14.638,105
230-02,1,32,15.925,104
230-02,2,4,7.541,96
230-03,1,20,5.350,87
230-03,2,26,2.235,90
230-03,3,25,2.814,96
230-04,0,44,1.019,80
230-05,1,21,907,92
230-05,2,7,1.912,98
230-06,1,24,2.899,94
230-06,2,3,9.274,68
230-06,3,32,5.853,97
230-06,4,4,15.979,90
230-06,5,13,,
230-07,1,24,7.214,96
230-07,2,8,11.286,75
240-01,1,8,19.161,90
240-01,2,2,15.482,
240-01,3,16,11.878,90
240-01,4,10,9.415,93
240-02,1,10,15.449,83
240-02,2,5,9.257,87
240-02,3,14,12.246,92
240-02,4,3,9.491,100
240-02,5,17,12.311,88
240-03,1,25,1.557,60
240-03,2,30,580,76
240-04,1,5,832,74
240-04,2,21,1.832,86
240-04,3,22,2.842,90
240-04,4,17,3.404,99
240-05,1,15,6.164,91
240-05,2,32,3.599,97
240-06,1,23,3.262,101
240-06,2,31,4.520,100
250-02,0,15,15.103,86
250-03,1,10,11.194,86
250-03,2,5,29.218,76
250-04,0,25,17.377,88
260-01,1,19,18.415,98
260-01,2,23,10.711,79
260-01,3,17,10.888,103
260-01,4,9,10.366,113
260-02,0,18,10.115,111
260-03,0,31,11.495,106
260-04,1,39,2.333,91
260-04,2,2,4.642,56
260-05,1,27,2.667,93
260-05,2,18,3.696,92
260-05,3,10,17.715,
260-06,1,18,7.165,96
260-06,2,18,5.267,98
260-06,3,17,3.613,100
260-07,1,7,3.012,104
260-07,2,19,2.883,100
260-07,3,7,2.616,95
260-08,1,17,3.274,95
260-08,2,29,2.534,105
260-08,3,10,9.036,97
260-08,4,3,11.185,103
260-08,5,25,,
260-08,6,14,12.007,106
260-08,7,5,10.278,99
260-08,8,8,7.674,
260-09,1,13,7.674,110
260-09,2,14,8.563,103
260-09,3,17,9.027,109
260-09,4,4,10.781,105
260-10,1,5,9.823,
260-10,2,26,16.179,100
260-11,1,20,15.104,94
260-11,2,6,9.128,87
260-11,3,26,7.669,103
260-11,4,10,6.141,109
260-12,1,10,6.376,94
260-12,2,5,9.082,86
260-12,3,30,5.980,101
260-13,1,25,6.729,104
260-13,2,36,5.075,107
260-14,1,11,2.694,110
260-14,2,9,3.047,91
260-15,0,26,1.262,83
260-16,0,46,790,94
260-17,1,10,717,75
260-17,2,30,453,93
260-17,3,16,212,87
260-18,0,31,458,68
260-19,0,24,817,90
260-20,1,14,760,90
260-20,2,30,1.892,89
260-20,3,8,3.414,87
260-20,4,5,,
260-20,5,2,6.990,84
260-21,1,7,4.872,93
260-21,2,9,14.269,74
260-21,3,5,18.427,80
260-21,4,1,27.297,52
260-21,5,4,22.255,56
260-21,6,7,7.523,89
270-01,0,14,978,89
270-02,1,19,365,79
270-02,2,20,194,
270-03,0,29,725,68
280-01,1,9,3.544,64
280-01,2,27,1.554,78
280-01,3,17,1.138,79
280-02,1,17,1.566,81
280-02,2,4,2.976,61
280-02,3,4,5.746,81
280-02,4,21,2.821,95
280-03,1,11,2.392,85
280-03,2,12,4.637,84
280-03,3,4,6.134,74
280-03,4,29,4.150,92
290-01,1,15,2.332,96
290-01,2,16,3.397,81
300-01,1,9,20.756,67
300-01,2,17,4.491,79
300-01,3,9,4.450,85
300-01,4,3,11.246,87
300-01,5,10,10.886,78
300-01,6,9,15.619,76
300-02,1,5,72.780,78
300-02,2,2,58.908,79
300-02,3,9,36.359,91
300-02,4,9,21.291,85
300-02,5,18,28.047,88
300-03,1,2,25.624,
300-03,2,4,32.934,58
300-03,3,21,25.722,102
300-03,4,11,25.057,96
300-03,5,8,27.336,88
300-03,6,6,29.786,87
300-04,1,21,19.094,100
300-04,2,20,15.030,103
300-04,3,4,14.150,76
300-04,4,17,14.116,105
300-05,1,25,12.232,105
300-05,2,14,12.534,108
300-06,1,15,22.246,80
300-06,2,2,24.633,
300-06,3,20,16.054,100
300-06,4,11,15.326,99
300-06,5,24,14.543,105
300-06,6,5,13.069,106
300-07,1,33,11.265,109
300-07,2,6,32.354,95
300-07,3,8,39.030,85
300-07,4,4,37.881,86
300-08,1,5,21.282,77
300-08,2,17,14.244,100
300-08,3,20,8.923,106
300-08,4,7,13.109,93
300-09,1,20,12.958,95
300-09,2,11,13.378,103
300-10,1,15,12.927,96
300-10,2,28,11.868,101
300-11,1,14,13.479,102
300-11,2,27,14.421,100
300-11,3,20,16.397,97
300-12,1,20,20.052,102
300-12,2,7,23.690,
300-12,3,7,51.123,
300-12,4,2,104.730,
300-12,5,2,117.020,
300-13,1,6,11.187,
300-13,2,14,10.172,93
300-13,3,40,7.841,109
300-13,4,12,6.868,103
300-14,1,15,7.596,99
300-14,2,9,7.732,103
300-14,3,40,10.783,103
300-15,1,11,9.415,104
300-15,2,20,6.823,
300-15,3,12,7.903,107
300-16,1,7,8.370,
300-16,2,22,13.590,91
300-16,3,2,13.719,
300-16,4,16,13.626,94
300-16,5,7,7.997,93
300-16,6,18,9.431,
300-17,1,12,9.431,108
300-17,2,14,18.421,89
300-17,3,15,11.810,108
300-17,4,7,24.042,102
300-18,1,26,13.509,98
300-18,2,12,8.036,106
300-18,3,18,7.601,107
300-18,4,9,7.829,100
300-18,5,23,7.952,108
300-18,6,1,7.997,76
300-19,1,7,4.575,92
300-19,2,30,2.647,108
300-19,3,13,2.485,120
300-20,1,11,2.485,
300-20,2,40,2.827,106
300-20,3,16,3.589,
300-21,1,18,3.066,101
300-21,2,1,4.362,72
300-21,3,17,3.785,100
300-21,4,21,2.885,108
300-22,1,3,1.343,95
300-22,2,9,3.662,84
300-22,3,17,3.815,84
300-22,4,14,5.196,98
300-23,1,8,8.068,91
300-23,2,9,13.338,90
300-23,3,3,31.977,62
300-23,4,9,29.425,74
300-23,5,5,23.956,85
300-23,6,9,10.300,74
300-23,7,27,8.194,105
300-23,8,6,7.124,95
300-24,1,18,7.405,97
300-24,2,13,9.544,97
300-24,3,8,9.427,97
300-24,4,15,9.706,91
300-25,1,5,20.287,71
300-25,2,24,9.594,91
300-25,3,14,7.385,98
300-25,4,17,7.135,97
300-26,1,2,8.962,
300-26,2,17,5.630,89
300-26,3,12,5.289,94
300-26,4,15,3.719,95
300-27,1,6,3.461,92
300-27,2,22,4.559,81
300-27,3,8,9.691,75
300-28,1,38,5.397,78
300-28,2,8,4.012,83
300-28,3,10,2.349,82
300-29,1,5,2.536,100
300-29,2,28,3.450,90
300-30,1,18,5.581,80
300-30,2,11,3.473,91
300-30,3,12,3.462,94
300-31,1,9,3.453,95
300-31,2,19,4.756,92
300-31,3,8,13.690,95
300-32,1,3,18.130,69
300-32,2,8,5.010,75
300-32,3,21,3.490,99
300-32,4,38,2.898,106
300-33,1,23,2.890,87
300-33,2,10,5.771,93
300-33,3,7,5.397,92
300-33,4,16,6.330,98
300-33,5,10,21.151,67
300-34,1,5,35.058,
300-34,2,6,6.301,66
300-34,3,24,3.832,89
300-34,4,31,2.506,85
300-34,5,3,2.590,80
300-35,1,13,1.232,96
300-35,2,23,821,86
302-01,1,19,12.577,75
302-01,2,9,2.827,98
310-01,1,11,12.936,81
310-01,2,15,11.826,86
310-01,3,10,9.780,95
310-01,4,27,6.915,67
310-01,5,2,12.854,56
310-02,1,14,6.995,72
310-02,2,12,5.061,87
310-02,3,29,4.888,72
310-03,0,23,2.563,64
320-01,1,9,24.720,93
320-01,2,3,24.124,89
320-01,3,10,20.790,87
320-01,4,16,22.526,92
320-02,1,15,21.210,89
320-02,2,24,15.423,97
320-02,3,8,10.862,
320-03,1,6,10.454,98
320-03,2,5,24.340,77
320-03,3,10,27.033,89
320-03,4,11,20.553,99
320-03,5,6,15.672,92
320-04,1,1,33.534,
320-04,2,2,28.190,
320-04,3,19,20.560,90
320-04,4,17,12.667,103
320-04,5,7,10.886,101
320-04,6,7,8.630,81
320-05,1,14,10.718,103
320-05,2,14,10.208,98
320-05,3,18,9.915,109
320-05,4,2,11.339,77
320-05,5,7,8.345,
320-06,1,23,1.772,86
320-06,2,10,1.710,84
320-06,3,17,1.452,78
320-07,1,29,1.048,
320-07,2,21,1.228,80
320-07,3,13,2.014,88
330-01,1,11,27.344,78
330-01,2,8,38.754,69
330-01,3,5,30.513,
330-01,4,16,26.387,85
330-01,5,13,28.220,
330-02,1,14,28.691,93
330-02,2,37,12.804,93
330-03,1,17,7.952,85
330-03,2,38,4.458,88
330-04,1,20,5.644,100
330-04,2,24,9.790,82
330-04,3,16,10.712,98
330-05,0,17,2.991,72
330-06,1,27,2.166,79
330-06,2,19,1.256,86
330-07,1,21,3.527,99
330-07,2,9,4.665,96
330-07,3,27,3.312,111
330-08,1,8,3.667,95
330-08,2,21,8.513,89
330-08,3,6,15.153,77
330-09,1,9,14.363,92
330-09,2,11,8.879,92
330-09,3,14,8.313,
330-09,4,4,13.884,75
330-10,1,40,4.553,86
330-10,2,10,5.138,91
330-10,3,15,3.349,
330-11,0,32,5.082,94
330-12,1,20,5.294,102
330-12,2,33,8.322,93
330-12,3,2,28.729,
330-12,4,3,66.970,
330-12,5,3,90.186,
330-12,6,1,55.634,
330-13,1,6,47.492,
330-13,2,6,47.006,
330-14,1,12,19.155,
330-14,2,18,13.903,97
330-14,3,5,11.579,104
330-14,4,44,11.327,106
330-15,1,13,13.475,96
330-15,2,3,13.186,78
330-15,3,46,10.335,97
330-16,0,33,10.469,103
330-17,0,8,2.130,96
330-18,1,24,2.130,
330-18,2,3,8.152,61
330-18,3,11,3.282,66
330-19,1,3,8.864,79
330-19,2,45,3.960,106
330-19,3,20,7.951,95
330-20,1,4,8.286,
330-20,2,25,3.322,83
330-20,3,23,1.359,94
340-01,1,32,2.728,89
340-01,2,16,923,72
340-01,3,6,2.395,77
340-02,1,41,634,65
340-02,2,12,1.374,71
340-02,3,20,800,88
340-03,0,20,421,77
340-04,1,38,1.120,70
340-04,2,5,489,63
340-05,0,39,738,77
340-06,0,41,1.888,80
350-01,1,35,7.538,88
350-01,2,13,5.481,
350-01,3,11,5.346,94
350-02,0,9,6.140,89
350-03,1,3,6.140,
350-03,2,6,8.770,100
350-04,1,11,8.287,103
350-04,2,23,8.341,98
350-05,1,4,10.367,96
350-05,2,34,15.014,93
350-05,3,13,15.186,100
350-06,0,28,1.600,92
350-07,1,17,1.252,103
350-07,2,13,1.248,93
350-08,1,3,11.783,61
350-08,2,12,9.032,83
350-08,3,35,3.843,92
350-08,4,24,3.463,100
350-09,1,11,4.401,
350-09,2,3,4.739,82
360-01,0,28,2.063,84
360-02,1,18,11.154,91
360-02,2,23,8.241,99
360-03,1,6,7.842,98
360-03,2,9,6.842,91
360-03,3,16,9.009,60
360-04,1,12,5.269,96
360-04,2,17,4.824,88
360-04,3,9,6.904,95
360-04,4,11,8.849,73
360-04,5,14,12.133,73
360-05,1,25,10.455,93
360-05,2,9,10.933,83
360-05,3,8,7.290,71
360-05,4,21,3.982,86
360-05,5,21,1.369,82
360-06,1,14,1.498,94
360-06,2,24,3.220,77
360-07,0,31,8.935,105
360-08,1,40,8.934,113
360-08,2,12,13.464,86
360-08,3,2,36.055,
360-08,4,10,15.853,86
360-08,5,15,10.072,91
360-09,1,28,4.876,98
360-09,2,25,3.707,101
360-09,3,19,4.191,94
360-10,1,1,3.417,101
360-10,2,27,5.624,96
360-10,3,15,4.167,93
360-11,0,8,4.240,84
370-01,1,31,10.987,94
370-01,2,33,8.410,105
370-02,1,13,7.360,77
370-02,2,5,18.096,
370-02,3,12,13.978,66
370-02,4,9,4.268,98
370-03,1,30,4.618,69
370-03,2,12,4.350,69
370-04,1,8,5.905,89
370-04,2,6,7.296,75
370-04,3,4,3.631,76
370-04,4,53,1.709,64
370-04,5,15,728,
370-05,1,27,654,
370-05,2,8,1.004,66
378-01,0,7,,
380-01,1,6,20.336,69
380-01,2,3,8.426,78
380-01,3,17,4.004,71
380-01,4,24,2.932,92
380-02,1,10,3.445,83
380-02,2,12,,
380-02,3,23,3.102,79
380-03,1,33,2.334,87
380-03,2,19,2.383,71
380-03,3,11,3.907,92
390-01,0,40,785,82
400-01,0,49,4.326,
400-02,1,18,7.924,65
400-02,2,27,13.708,98
400-03,1,15,13.902,98
400-03,2,18,12.974,84
400-03,3,18,17.240,96
400-03,4,4,21.974,
400-03,5,1,22.403,
400-04,1,11,13.127,97
400-04,2,30,16.654,93
400-05,1,20,18.710,90
400-05,2,22,8.072,87
400-05,3,13,5.265,
400-06,1,23,7.711,76
400-06,2,24,5.273,75
400-06,3,10,5.270,73
400-07,1,37,2.723,88
400-07,2,27,4.370,67
400-07,3,2,14.136,
400-08,0,16,14.136,86
400-09,1,36,8.124,100
400-09,2,12,12.839,89
400-09,3,14,22.293,89
400-09,4,10,22.335,83
400-09,5,11,24.731,91
400-09,6,6,32.895,83
400-09,7,8,17.821,96
400-10,1,10,46.159,85
400-10,2,5,48.070,84
400-10,3,10,33.111,95
400-11,1,26,35.563,100
400-11,2,12,32.053,73
400-12,1,17,24.941,98
400-12,2,17,27.310,88
400-12,3,14,34.285,85
400-12,4,11,31.075,61
400-12,5,11,16.335,88
400-13,1,21,13.381,89
400-13,2,15,8.121,82
400-13,3,23,4.279,93
400-14,0,39,4.117,70
400-15,1,13,10.148,80
400-15,2,37,4.842,76
400-15,3,2,9.665,
400-16,1,24,4.935,90
400-16,2,38,10.557,94
400-16,3,11,19.549,85
400-17,1,10,19.583,90
400-17,2,10,15.286,76
400-17,3,12,16.187,93
400-17,4,13,28.968,83
400-17,5,16,36.949,65
400-18,1,3,30.055,
400-18,2,21,25.589,80
400-18,3,4,26.049,
400-18,4,7,16.027,86
400-18,5,10,15.826,93
400-19,1,7,19.754,89
400-19,2,17,,
400-19,3,12,,
400-19,4,12,15.182,89
400-19,5,19,21.498,94
400-20,1,6,15.259,93
400-20,2,22,14.287,95
400-21,1,3,6.735,
400-21,2,3,6.288,88
400-21,3,16,17.886,
400-21,4,27,9.098,89
400-21,5,6,7.185,86
400-21,6,10,5.642,72
400-22,1,9,3.800,70
400-22,2,17,6.385,83
400-22,3,37,8.541,77
400-22,4,10,48.389,
400-22,5,6,67.275,
400-23,1,5,23.004,
400-23,2,34,17.757,93
400-23,3,14,9.871,
400-24,1,2,14.550,
400-24,2,4,13.688,87
400-24,3,39,6.593,78
400-25,1,24,8.678,82
400-25,2,16,7.988,85
400-26,1,15,16.131,95
400-26,2,5,15.527,95
400-26,3,46,14.198,98
400-27,1,22,12.155,106
400-27,2,23,11.598,91
400-28,1,21,9.608,92
400-28,2,31,9.449,89
400-29,1,25,11.445,89
400-29,2,18,9.236,89
400-30,1,11,9.815,100
400-30,2,7,9.597,
400-30,3,38,7.824,90
400-31,1,36,6.482,110
400-31,2,17,9.312,85
400-31,3,3,11.650,71
400-32,1,31,5.715,81
400-32,2,8,7.469,64
400-32,3,42,2.552,
400-33,1,14,1.953,
400-33,2,44,1.207,
400-34,1,30,554,
400-34,2,22,781,
400-35,0,31,1.165,
400-36,1,7,3.628,68
400-36,2,36,1.426,
400-36,3,32,2.136,
400-36,4,2,3.864,78
400-37,0,41,1.578,98
410-01,0,7,2.394,88
410-02,0,7,2.063,85
410-03,1,26,2.114,89
410-03,2,12,3.362,78
410-03,3,9,4.280,68
412-01,0,31,,
420-01,0,27,23.322,70
420-02,1,6,23.233,
420-02,2,15,12.747,90
420-02,3,21,6.667,86
430-01,1,23,10.251,91
430-01,2,16,15.807,
430-01,3,5,9.850,
430-02,1,3,5.025,98
430-02,2,13,,
505-01,1,17,3.453,84
505-01,2,17,4.162,90
505-01,3,17,8.950,58
515-01,1,6,13.435,85
515-01,2,6,12.124,93
515-02,1,8,12.124,
515-02,2,7,26.700,
515-02,3,11,17.474,78
515-02,4,4,12.894,82
525-01,1,5,6.607,
525-01,2,6,26.278,102
525-01,3,10,27.717,87
525-01,4,5,25.434,70
525-01,5,25,16.867,93
525-01,6,3,16.573,87
525-01,7,6,9.226,
525-02,1,26,8.339,71
525-02,2,15,13.967,97
525-02,3,5,19.730,
535-01,1,19,6.184,94
535-01,2,20,3.445,94
550-01,1,18,6.802,107
550-01,2,19,6.632,92
550-01,3,19,8.463,97
550-02,1,26,5.299,101
550-02,2,2,19.470,76
550-02,3,22,6.836,102
550-03,1,18,6.413,97
550-03,2,29,7.297,104
550-03,3,38,5.177,95
550-04,1,20,22.286,85
550-04,2,12,12.985,106
550-04,3,17,10.033,104
550-05,1,20,8.319,104
550-05,2,29,6.553,103
550-06,1,33,34.455,89
550-06,2,3,34.430,69
550-07,1,10,22.688,89
550-07,2,18,11.672,69
550-07,3,6,15.033,87
550-07,4,10,15.004,99
550-07,5,11,14.348,91
550-07,6,4,9.890,93
550-08,1,18,12.222,98
550-08,2,17,16.057,100
550-08,3,16,16.414,103
550-09,1,23,16.141,87
550-09,2,8,27.082,83
550-09,3,7,26.282,87
550-09,4,11,30.141,82
550-09,5,4,40.912,73
550-10,1,7,38.129,85
550-10,2,7,27.062,80
550-10,3,5,35.816,73
550-10,4,7,15.372,82
550-11,1,11,7.340,96
550-11,2,12,14.076,91
550-11,3,8,6.223,
550-11,4,8,7.317,96
550-12,1,5,7.818,
550-12,2,8,13.552,81
550-12,3,11,13.048,86
550-12,4,8,26.986,78
550-13,1,6,19.317,93
550-13,2,21,19.329,102
550-13,3,7,17.717,67
550-13,4,22,14.576,100
550-14,1,12,10.941,109
550-14,2,3,18.149,
550-14,3,19,22.941,99
550-14,4,9,18.859,96
550-14,5,10,22.003,
550-14,6,13,16.257,94
550-15,1,3,4.967,61
550-15,2,32,3.028,58
555-01,1,12,1.216,94
555-01,2,27,3.539,91
555-01,3,2,7.808,
555-02,1,26,6.319,96
555-02,2,8,6.116,96
555-03,0,4,5.805,70
555-04,1,16,4.372,56
555-04,2,28,2.288,86
555-04,3,19,4.345,70
555-05,0,33,3.354,64
555-06,1,2,6.413,56
555-06,2,35,5.507,82
555-07,1,21,4.206,86
555-07,2,38,2.040,79
555-08,1,17,815,53
555-08,2,18,2.017,90
555-09,1,12,6.805,97
555-09,2,19,6.453,101
555-09,3,20,2.681,80
555-10,1,25,9.059,104
555-10,2,12,6.504,104
555-10,3,26,7.644,94
555-10,4,1,4.918,96
555-11,1,5,11.902,78
555-11,2,5,8.532,82
565-01,1,26,1.990,69
565-01,2,33,2.259,78
565-02,0,23,3.849,76
565-03,0,3,8.784,
565-04,1,4,8.220,88
565-04,2,9,4.043,106
565-04,3,20,11.415,90
565-05,1,15,7.844,103
565-05,2,21,7.952,104
565-06,1,4,17.138,
565-06,2,9,21.916,97
565-06,3,29,19.308,98
565-06,4,5,24.272,92
565-06,5,12,22.905,97
565-07,1,3,21.370,93
565-07,2,11,15.587,86
565-07,3,21,13.039,104
565-08,1,19,13.250,97
565-08,2,11,12.559,104
565-08,3,15,14.197,100
565-08,4,9,18.419,102
565-09,1,27,18.467,100
565-09,2,17,30.324,91
565-10,1,6,23.561,98
565-10,2,5,24.378,89
565-10,3,10,36.004,82
565-11,0,13,37.320,81
565-12,1,1,10.482,80
565-12,2,1,10.889,67
567-01,1,2,7.169,81
567-01,2,16,14.792,101
567-01,3,9,30.760,62
567-01,4,5,17.983,
567-02,1,8,17.983,86
567-02,2,15,4.237,80
567-03,0,14,3.946,85
569-01,1,8,12.337,109
569-01,2,7,39.365,89
569-01,3,10,30.003,90
573-01,1,18,20.767,100
573-01,2,14,15.747,103
575-01,1,4,23.161,75
575-01,2,20,37.131,93
575-01,3,17,31.980,75
575-02,1,4,23.412,90
575-02,2,18,29.751,93
575-02,3,19,39.335,85
575-02,4,1,41.915,
585-01,0,12,716,77
585-02,1,9,788,68
585-02,2,19,1.819,89
585-02,3,27,1.280,88
585-03,1,8,2.281,84
585-03,2,2,4.151,65
585-03,3,31,1.738,
585-03,4,12,3.437,86
585-04,1,19,9.674,
585-04,2,13,10.197,102
585-05,1,6,12.654,85
585-05,2,8,10.280,102
585-05,3,5,9.625,92
585-05,4,16,6.647,89
585-06,1,12,6.284,97
585-06,2,6,7.549,
585-06,3,17,10.549,97
585-07,1,24,4.342,80
585-07,2,16,2.655,92
585-08,0,30,4.981,87
585-09,1,16,,
585-09,2,9,18.355,87
585-09,3,9,13.001,100
585-09,4,10,11.951,87
585-10,1,9,11.800,101
585-10,2,9,11.475,94
585-10,3,16,8.101,103
585-11,1,2,6.085,104
585-11,2,17,5.585,86
585-11,3,22,7.693,108
587-01,0,2,530,71
595-01,0,27,1.044,66
595-02,1,7,772,67
595-02,2,16,5.766,74
595-02,3,4,,
595-02,4,15,6.684,89
595-03,1,2,,
595-03,2,4,8.741,77
595-03,3,15,6.191,97
595-04,0,27,4.978,76
595-05,0,25,3.874,87
595-06,1,12,1.894,74
595-06,2,27,1.486,88
595-06,3,8,4.994,89
595-07,1,38,2.652,91
595-07,2,5,2.729,67
595-07,3,8,2.303,94
595-08,0,35,927,88
595-09,0,14,4.706,98
595-10,0,19,5.764,95
595-11,1,18,13.143,83
595-11,2,10,5.064,97
595-11,3,5,5.113,
595-12,1,16,4.506,106
595-12,2,15,5.234,83
595-13,1,20,4.190,103
595-13,2,13,3.249,108
595-13,3,8,3.793,100
595-13,4,9,6.202,95
605-01,1,20,5.067,58
605-01,2,39,6.999,84
615-01,1,9,3.562,94
615-01,2,18,2.292,108
615-01,3,13,2.117,101
615-01,4,3,2.316,83
625-01,1,10,3.172,77
625-01,2,28,1.694,77
625-02,0,18,1.520,90
625-03,0,7,5.405,
625-04,0,15,4.716,101
635-01,1,3,3.426,90
635-01,2,6,2.038,
635-02,1,15,2.100,100
635-02,2,16,3.400,82
635-02,3,5,4.006,82
635-03,1,26,3.499,105
635-03,2,13,4.292,
635-03,3,10,5.259,77
635-04,1,6,8.152,69
635-04,2,37,2.657,97
635-04,3,22,3.414,83
650-01,1,27,11.872,95
650-01,2,20,18.311,91
650-01,3,7,20.967,78
650-02,1,3,41.645,87
650-02,2,22,28.053,
650-02,3,13,27.393,93
650-02,4,13,23.029,102
650-02,5,1,21.854,90
650-03,1,22,16.535,105
650-03,2,9,16.901,102
650-03,3,1,18.381,95
650-03,4,14,14.928,89
650-03,5,2,17.165,94
650-03,6,15,18.622,92
650-03,7,10,19.636,103
650-04,0,6,13.183,90
650-05,1,4,13.183,
650-05,2,20,12.939,108
650-05,3,3,17.058,
650-06,1,16,17.058,105
650-06,2,15,23.290,84
650-07,3,11,9.525,107
650-07,1,22,21.398,89
650-07,2,23,14.295,106
650-08,1,14,9.401,106
650-08,2,22,10.617,111
650-09,1,8,18.230,91
650-09,2,28,14.711,105
650-09,3,9,15.291,110
650-10,1,25,15.557,108
650-10,2,15,16.642,105
650-10,3,15,11.695,111
650-11,1,6,11.927,104
650-11,2,4,12.593,99
650-11,3,3,15.453,77
650-11,4,10,18.308,100
650-11,5,9,11.937,
650-12,1,17,12.865,105
650-12,2,13,12.951,99
650-12,3,17,11.377,106
650-12,4,4,12.917,83
650-13,1,10,15.107,94
650-13,2,17,14.036,98
650-13,3,6,14.711,
650-14,1,8,12.628,105
650-14,2,22,13.983,99
650-14,3,16,35.239,87
655-01,1,24,14.324,80
655-01,2,8,32.636,64
655-02,0,22,1.519,84
655-03,0,4,1.326,85
665-01,1,4,34.801,70
665-01,2,24,5.065,82
665-01,3,15,3.174,94
665-01,4,27,2.750,82
665-01,5,24,1.974,77
665-02,1,19,3.421,98
665-02,2,17,7.247,93
675-01,1,13,8.379,98
675-01,2,11,7.922,107
675-01,3,16,6.376,100
675-02,1,18,5.941,108
675-02,2,10,6.867,104
675-03,1,41,6.495,103
675-03,2,13,8.495,73
685-01,1,25,12.655,88
685-01,2,17,10.349,77
685-01,3,2,1.641,
685-02,1,21,1.779,
685-02,2,18,1.631,88
685-03,0,24,5.953,88
685-04,0,36,5.947,
685-05,1,26,8.978,76
685-05,2,11,18.202,90
687-01,1,5,848,85
687-01,2,17,4.852,93
687-01,3,9,1.420,93
687-01,4,17,921,96
687-01,5,15,500,80
687-02,1,21,291,
687-02,2,26,,
687-02,3,17,1.712,69
687-02,4,3,5.425,78
695-01,1,18,5.366,85
695-01,2,35,2.251,97
695-01,3,21,1.181,95
695-02,1,5,1.215,88
695-02,2,32,1.963,102
695-02,3,11,2.135,106
695-02,4,27,2.278,107
695-03,0,20,3.381,96
695-04,1,5,2.594,80
695-04,2,10,1.866,88
695-05,0,17,1.712,88
695-06,4,7,2.690,84
695-06,1,3,2.135,78
695-06,2,15,3.724,102
695-06,3,11,3.373,85
695-07,1,11,1.549,98
695-07,2,26,4.090,86
695-08,1,32,3.870,88
695-08,2,4,6.997,81
695-08,3,29,5.710,101
695-09,1,14,6.022,102
695-09,2,7,5.827,
695-09,3,16,5.018,84
695-10,1,12,6.338,101
695-10,2,24,6.314,
695-10,3,23,9.046,89
696-01,1,19,6.518,101
696-01,2,21,6.659,97
696-01,3,39,7.748,101
696-01,4,8,15.679,69
705-01,1,5,2.420,96
705-01,2,22,1.892,105
705-01,3,18,1.967,93
705-02,1,1,1.581,99
705-02,2,29,1.178,87
705-02,3,10,1.112,83
715-01,1,11,8.829,108
715-01,2,35,7.169,115
715-01,3,15,8.198,114
715-02,0,41,8.024,111
715-03,1,29,9.882,98
715-03,2,19,12.600,104
715-03,3,5,33.238,76
715-04,0,32,15.480,100
715-05,1,25,6.007,90
715-05,2,6,4.670,107
715-06,1,9,4.588,
715-06,2,8,5.764,102
715-06,3,21,6.697,102
715-06,4,13,4.377,79
715-06,5,20,3.932,99
715-07,1,4,3.057,75
715-07,2,37,3.454,85
715-07,3,27,3.043,80
715-07,4,2,2.686,99
715-08,1,39,3.293,77
715-08,2,5,5.304,86
750-01,1,20,9.971,84
750-01,2,15,9.022,93
750-01,3,4,13.776,86
750-01,4,16,10.267,90
750-01,5,5,8.770,86
750-01,6,22,5.621,92
750-03,1,13,5.621,84
750-03,2,21,6.373,95
750-04,1,2,5.352,88
750-04,2,27,5.388,90
750-05,1,21,6.051,94
750-05,2,10,9.557,95
750-05,3,2,12.092,88
750-06,1,29,11.036,97
750-06,2,17,24.848,92
750-06,3,7,49.256,75
750-07,1,3,79.344,
750-07,2,12,31.095,99
750-08,1,32,15.072,107
750-08,2,36,15.045,108
750-09,0,29,10.862,105
750-10,1,19,10.975,108
750-10,2,29,9.824,111
750-11,1,33,12.130,96
750-11,2,13,16.653,99
750-11,3,6,33.574,73
750-12,1,23,11.540,99
750-12,2,12,10.120,
750-13,0,5,9.439,109
750-14,0,9,7.829,110
750-15,1,18,7.986,112
750-15,2,23,7.843,103
750-16,1,15,8.131,81
750-16,2,4,9.826,71
750-16,3,34,7.780,79
750-17,2,1,8.579,69
750-17,3,17,1.450,66
750-17,1,4,11.449,
750-18,1,22,787,68
750-18,2,30,3.986,82
750-18,3,10,8.744,87
753-01,1,2,9.808,69
753-01,2,27,3.174,97
753-02,0,13,1.891,92
753-03,1,35,1.891,
753-03,2,7,3.455,97
755-01,1,24,6.284,83
755-01,2,11,1.663,81
755-02,1,28,1.644,67
755-02,2,8,3.602,87
755-02,3,6,5.532,76
755-03,1,10,9.996,91
755-03,2,25,7.859,97
755-03,3,12,6.496,104
755-05,1,2,1.138,
755-05,2,9,5.103,75
755-05,3,1,14.151,60
757-01,0,9,2.173,88
757-02,1,18,108,73
757-02,2,8,276,
757-03,2,6,1.271,102
757-03,1,22,281,76
757-04,0,31,3.386,82
757-05,2,6,2.704,67
757-05,3,39,2.315,85
757-05,1,9,2.539,
759-01,1,37,775,74
759-01,2,40,871,75
759-01,3,6,1.531,84
759-02,0,16,2.041,83
765-01,1,32,1.295,78
765-01,2,25,1.866,94
765-01,3,8,4.217,101
765-02,1,22,7.679,96
765-02,2,2,18.105,69
765-02,3,8,5.138,100
765-02,4,5,3.879,91
765-02,5,6,4.328,87
765-02,6,17,4.229,96
765-02,7,10,3.513,95
765-02,8,4,3.294,84
765-03,1,6,3.294,
765-03,2,13,4.045,108
765-03,3,2,4.591,98
765-04,1,26,3.931,100
765-04,2,21,5.356,94
765-04,3,4,13.385,
765-05,1,16,6.759,102
765-05,2,22,6.367,98
765-06,0,20,7.023,103
765-07,1,6,1.693,90
765-07,2,16,1.819,
765-08,1,5,20.021,80
765-08,2,9,14.647,77
765-08,3,14,9.117,77
765-08,4,21,6.313,75
765-09,1,22,5.674,112
765-09,2,16,5.952,107
765-10,0,8,1.473,
765-11,1,10,1.473,99
765-11,2,28,2.959,85
765-11,3,17,5.787,86
765-12,1,30,5.782,92
765-12,2,5,3.672,88
765-13,1,13,3.361,
765-13,2,18,3.152,97
775-01,1,27,1.884,75
775-01,2,14,700,81
775-01,3,24,958,81
775-02,0,31,834,58
775-03,1,38,1.518,65
775-03,2,5,4.773,83
785-01,1,42,3.438,91
785-01,2,11,3.625,95
785-02,1,17,2.743,76
785-02,2,14,1.068,94
785-03,1,36,1.221,79
785-03,2,10,1.640,89
785-04,1,20,2.779,81
785-04,2,7,1.218,71
785-04,3,19,375,69
785-04,4,30,454,62
785-05,1,26,9.926,97
785-05,2,20,9.663,105
785-06,1,2,,
785-06,2,3,2.824,74
785-06,3,36,1.281,100
785-06,4,16,2.502,90
795-01,1,28,27.284,87
795-01,2,12,23.050,110
795-01,3,17,20.789,105
795-02,1,19,21.136,93
795-02,2,6,20.932,93
795-03,0,25,10.301,99
795-04,1,21,9.130,114
795-04,2,19,13.472,101
795-04,3,17,16.016,90
795-05,1,26,4.609,104
795-05,2,9,4.746,91
795-05,3,1,4.746,
795-06,0,23,3.045,101
795-07,0,18,3.097,77
805-01,1,20,1.130,74
805-01,2,17,1.399,76
805-01,3,20,1.399,
805-01,4,7,2.603,91
805-02,1,37,3.694,104
805-02,2,36,3.623,97
805-02,3,2,4.717,78
805-03,0,23,5.244,
805-04,0,14,5.244,110
805-05,1,7,11.913,96
805-05,2,18,7.980,80
805-05,3,15,7.661,104
805-05,4,10,7.566,101
805-05,5,13,5.749,
805-06,1,25,7.189,106
805-06,2,14,13.946,90
805-06,3,7,4.717,81
805-06,4,15,4.372,84
805-07,1,19,2.939,88
805-07,2,11,1.945,95
805-08,0,19,879,73
805-09,0,11,1.059,79
815-01,3,4,714,
815-01,1,32,4.920,104
815-01,2,25,4.356,104
815-02,1,17,847,87
815-02,2,14,751,84
815-02,3,20,828,64
815-02,4,34,1.132,83
815-03,1,40,2.871,75
815-03,2,10,6.390,64
815-03,3,5,8.666,89
815-04,1,19,8.218,97
815-04,2,37,14.501,88
815-05,0,5,36.700,
815-06,1,12,12.017,82
815-06,2,4,10.910,85
815-06,3,24,5.322,91
817-01,1,13,4.668,83
817-01,2,10,3.352,77
817-01,3,27,4.914,83
817-02,0,4,3.063,79
817-03,1,25,11.450,79
817-03,2,25,20.114,79
817-04,1,4,19.863,83
817-04,2,5,23.268,
817-04,3,17,21.337,87
817-05,1,8,4.687,77
817-05,2,6,8.448,94
817-05,3,2,4.318,95
817-05,4,18,1.152,72
817-06,0,4,21.694,76
817-07,0,2,8.317,75
825-01,0,3,4.510,106
825-02,0,32,5.817,93
825-03,1,19,7.021,93
825-03,2,19,10.067,103
825-03,3,15,11.907,
825-04,1,16,14.226,95
825-04,2,2,28.895,88
825-04,3,23,16.586,84
825-04,4,17,11.741,89
825-05,1,7,9.619,90
825-05,2,1,11.528,84
825-06,1,11,8.300,99
825-06,2,10,7.302,100
825-06,3,18,6.393,97
825-07,1,2,4.813,
825-07,2,7,8.221,88
825-07,3,13,8.543,
825-07,4,24,9.265,95
825-07,5,2,13.576,82
825-08,1,9,12.544,95
825-08,2,23,22.659,95
825-09,1,10,35.890,72
825-09,2,6,15.813,86
825-09,3,13,5.804,73
825-09,4,24,2.628,84
825-09,5,5,138,
827-01,1,25,5.194,96
827-01,2,10,4.957,97
827-01,3,7,4.370,
827-01,4,3,2.135,
835-01,1,28,14.793,96
835-01,2,3,19.529,85
835-01,3,7,17.131,90
835-01,4,6,10.857,94
835-02,1,9,14.460,92
835-02,2,9,24.755,
850-01,1,6,1.599,62
850-01,2,53,,
850-01,3,6,2.797,
850-02,1,24,4.337,62
850-02,2,9,6.528,
850-02,3,19,4.561,72
850-02,4,18,5.235,103
850-03,1,7,10.389,85
850-03,2,4,17.739,
850-03,3,20,8.105,71
850-03,4,13,5.085,92
850-03,5,17,3.368,104
850-04,0,13,3.661,95
850-05,1,19,9.381,96
850-05,2,16,5.329,96
850-05,3,32,3.811,95
850-06,1,9,571,97
850-06,2,29,701,98
850-06,3,28,645,97
850-07,1,24,2.103,83
850-07,2,18,1.641,105
850-08,1,15,1.877,86
850-08,2,18,2.379,94
850-09,1,40,3.169,97
850-09,2,5,4.889,97
850-10,1,32,7.918,87
850-10,2,14,5.545,91
850-10,3,7,5.377,93
850-10,4,31,4.425,94
850-11,0,19,4.248,87
850-12,1,10,4.396,69
850-12,2,32,3.680,91
850-13,1,11,2.814,86
850-13,2,27,4.092,90
850-13,3,26,8.454,83
850-13,4,8,35.742,
850-14,1,3,43.154,
850-14,2,2,38.440,
850-14,3,11,24.338,85
850-14,4,24,10.591,
850-15,1,15,9.222,90
850-15,2,7,10.691,85
850-15,3,8,4.200,
851-01,1,30,1.608,100
851-01,2,16,1.151,94
851-02,0,33,1.171,86
851-03,1,22,962,105
851-03,2,21,1.354,90
855-01,1,5,12.201,
855-01,2,17,8.902,82
855-01,3,25,2.015,61
855-01,4,13,1.560,64
855-02,1,27,459,42
855-02,2,20,1.327,37
855-02,3,12,491,76
855-03,1,22,1.240,68
855-03,2,5,2.395,72
855-05,0,9,588,94
865-01,1,26,5.345,65
865-01,2,22,3.080,63
865-02,1,42,385,55
865-02,2,15,744,61
865-02,3,5,1.784,62
865-02,4,25,1.039,82
865-03,0,18,748,61
865-04,1,14,1.403,89
865-04,2,39,1.272,92
865-04,3,3,4.864,61
875-01,1,10,694,93
875-01,2,22,721,84
875-01,3,22,1.567,84
875-01,4,15,5.930,93
875-01,5,12,4.800,86
875-02,0,18,8.928,90
875-03,1,18,3.942,94
875-03,2,15,3.281,82
875-04,1,27,5.683,85
875-04,2,27,6.318,87
877-01,1,31,3.978,72
877-01,2,8,1.411,
877-02,1,16,1.491,66
877-02,2,31,1.482,74
877-03,1,23,462,92
877-03,2,31,247,84
877-03,3,12,263,92
877-03,4,8,743,86
877-03,5,10,527,85
877-04,1,29,300,85
877-04,2,25,262,45
877-04,3,15,259,57
877-05,1,3,345,72
877-05,2,17,622,59
883-03,1,11,10.893,59
883-03,2,8,2.538,36
883-04,0,34,1.750,80
885-01,1,26,11.466,89
885-01,2,10,5.849,87
885-01,3,17,5.014,100
885-02,1,19,3.282,
885-02,2,4,4.615,95
885-02,3,9,5.228,87
885-02,4,9,5.107,88
885-02,5,21,5.925,84
885-03,1,8,2.242,75
885-03,2,23,312,66
885-03,3,25,1.920,85
885-04,1,4,4.527,66
885-04,2,15,1.690,98
885-04,3,25,1.434,96
885-05,0,19,1.722,87
885-06,1,25,828,77
885-06,2,44,1.029,78
885-07,1,17,1.960,75
885-07,2,6,3.019,68
885-07,3,12,5.347,80
885-08,1,8,2.066,89
885-08,2,27,1.280,69
885-09,1,15,1.330,68
885-09,2,6,3.031,56
885-10,1,4,12.058,66
885-10,2,16,5.670,96
885-10,3,28,4.543,99
885-10,4,23,3.789,85
885-10,5,7,4.517,74
885-11,1,14,5.192,84
885-11,2,30,8.085,99
885-11,3,16,21.194,79
885-11,4,4,21.879,72
885-11,5,5,30.506,
885-12,1,39,10.710,90
885-12,2,10,12.491,84
885-12,3,9,11.685,102
885-12,4,15,12.773,105
885-12,5,4,15.111,97
885-13,1,3,17.800,84
885-13,2,13,21.382,88
885-13,3,20,14.766,77
885-13,4,17,9.573,88
885-13,5,15,7.076,77
887-01,0,2,1.063,64
905-01,1,15,6.125,77
905-01,2,35,5.030,
915-01,1,8,7.925,86
915-01,2,10,6.797,86
915-01,3,7,3.862,75
915-01,4,8,3.462,79
915-01,5,37,327,58
915-02,1,24,1.033,74
915-02,2,13,1.620,71
915-02,3,20,3.875,89
915-03,1,14,2.104,98
915-03,2,11,1.716,73
915-04,0,27,2.173,101
925-01,1,7,7.300,83
925-01,2,30,4.919,89
925-02,0,44,1.074,64
925-03,1,20,971,40
925-03,2,13,1.132,83
925-03,3,5,918,70
925-04,1,27,757,82
925-04,2,30,742,91
925-04,3,25,896,86
925-04,4,11,1.308,100
950-01,1,14,1.361,80
950-01,2,33,1.411,68
950-01,3,8,1.384,87
950-01,4,11,949,93
950-01,5,11,593,56
950-02,1,26,1.331,70
950-02,2,18,1.681,92
950-02,3,8,3.209,81
950-03,1,4,3.823,79
950-03,2,35,4.187,76
950-03,3,13,5.983,98
950-04,1,2,34.259,80
950-04,2,1,17.051,70
950-04,3,10,3.503,79
950-04,4,37,2.423,97
950-04,5,31,2.157,95
950-05,1,14,2.781,73
950-05,2,14,2.603,94
950-05,3,20,2.434,80
950-06,1,28,2.721,94
950-06,2,11,3.812,81
950-07,1,6,4.831,85
950-07,2,15,7.636,64
950-07,3,22,2.723,72
950-08,1,9,2.011,69
950-08,2,15,3.061,87
950-08,3,18,3.810,103
950-08,4,33,4.779,95
950-09,1,12,20.245,70
950-09,2,9,16.474,77
950-09,3,12,9.162,105
950-09,4,16,9.201,95
950-10,1,8,6.543,109
950-10,2,9,6.525,
950-10,3,26,6.615,107
950-11,1,20,21.499,84
950-11,2,13,2.014,72
955-01,1,14,706,61
955-01,2,36,565,76
955-01,3,15,991,82
955-02,0,12,1.498,89
955-03,1,6,3.582,73
955-03,2,11,2.084,69
955-03,3,20,1.562,98
955-03,4,12,1.641,92
955-04,1,21,2.389,93
955-04,2,27,1.065,84
955-05,1,20,691,71
955-05,2,30,639,80
955-06,1,1,2.380,
955-06,2,45,1.181,84
955-06,3,33,385,94
955-07,1,27,849,88
955-07,2,7,1.767,62
955-07,3,23,776,85
955-08,1,14,840,73
955-08,2,9,1.674,
955-08,3,22,1.680,85
955-08,4,9,2.045,88
955-09,0,14,5.257,76
955-10,0,28,10.063,76
955-11,1,10,9.749,71
955-11,2,24,5.256,
955-11,3,25,3.366,94
955-11,4,9,2.717,84
955-12,1,7,3.113,
955-12,2,7,,
955-13,1,3,7.394,55
955-13,2,24,3.379,93
957-01,1,20,2.956,102
957-01,2,16,2.308,97
957-01,3,23,,
959-02,1,16,1.132,87
959-02,2,42,1.159,82
959-02,3,9,535,83
965-01,1,16,1.529,89
965-01,2,12,1.186,94
965-02,1,23,1.125,107
965-02,2,4,2.107,92
965-02,3,3,2.499,94
965-03,1,13,4.513,82
965-03,2,8,3.044,83
965-03,3,6,6.344,66
965-03,4,8,4.083,95
965-04,1,11,805,88
965-04,2,32,750,
965-04,3,12,965,67
965-05,0,24,174,67
965-06,0,9,174,
965-07,1,18,120,
965-07,2,30,906,70
965-08,1,14,3.658,93
965-08,2,26,2.404,81
965-08,3,35,2.350,105
965-09,0,27,1.901,85
965-10,0,13,949,65
965-11,1,7,1.798,97
965-11,2,30,3.033,89
965-11,3,20,2.961,95
965-11,4,11,8.599,
965-12,1,12,6.181,77
965-12,2,20,5.115,94
965-13,1,5,13.887,80
965-13,2,11,5.342,96
965-13,3,2,8.600,
965-13,4,22,4.661,91
965-13,5,17,4.470,
965-14,1,6,4.981,66
965-14,2,8,5.374,
965-14,3,21,2.500,80
965-15,0,1,,
975-01,1,6,5.001,88
975-01,2,20,2.964,92
975-02,0,23,3.684,103
975-03,2,13,1.430,80
975-03,1,13,1.832,83
975-04,1,28,1.922,99
975-04,2,3,2.393,89
975-04,3,25,3.249,76
975-04,4,11,3.471,100
975-05,1,25,3.880,100
975-05,2,30,3.922,95
975-05,3,7,7.037,93
975-05,4,1,16.950,64
975-05,5,7,19.845,79
975-06,0,18,5.053,90
975-07,1,4,2.217,96
975-07,2,18,1.130,96
975-08,1,37,3.462,93
975-08,2,42,2.402,110
975-09,1,20,2.313,93
975-09,2,17,2.088,86
975-10,0,15,1.814,
977-01,0,6,743,64
kkno,dilimno,uzunluk,tasit,hiz
